33°55′37″N,33.92698677,117°12′14″W,-117.20385066,40.3213,65.493°
34°18′28″N,34.30776051,118°01′43″W,-118.02850847,44.2173,346.187°
33°21′47″N,33.36317992,116°51′34″W,-116.85939917,60.9555,111.244°
34°13′22″N,34.22279904,118°26′23″W,-118.43969919,50.4092,317.483°
33°07′11″N,33.11961294,116°15′19″W,-116.25517656,99.677,112.713°
33°30′00″N,33.4999637,119°02′19″W,-119.03870107,70.004,259.71°
33°17′10″N,33.28623475,118°00′14″W,-118.00399211,29.1783,198.518°
33°30′26″N,33.50713155,117°18′58″W,-117.31622424,32.7985,112.082°
32°22′54″N,32.38168107,118°17′46″W,-118.29621761,93.9291,196.337°
34°18′59″N,34.31629683,119°02′42″W,-119.04513184,81.4466,302.633°
33°59′46″N,33.99604785,116°23′36″W,-116.39325879,85.9607,75.192°
33°24′37″N,33.41034207,116°11′45″W,-116.1959635,96.8092,100.921°
33°47′37″N,33.79357716,116°21′27″W,-116.35738351,85.7379,84.642°
33°43′08″N,33.71885266,116°06′37″W,-116.11026827,99.6895,88.24°
33°54′15″N,33.9041868,116°23′26″W,-116.39062576,84.7979,79.383°
34°02′30″N,34.0417622,116°37′39″W,-116.6275447,73.9804,70.286°
34°30′13″N,34.50354728,118°38′44″W,-118.64563104,72.7667,321.112°
34°11′16″N,34.18772619,118°26′09″W,-118.43587213,48.506,315.725°
33°19′16″N,33.3210771,117°30′53″W,-117.51462837,31.5889,143.025°
34°47′06″N,34.78492502,118°08′18″W,-118.13825011,77.7533,347.577°
32°41′11″N,32.68636053,118°31′19″W,-118.52205924,79.4967,209.767°
33°01′57″N,33.03255723,118°35′36″W,-118.59346008,62.5904,223.964°
33°15′02″N,33.25053497,117°28′20″W,-117.47223224,36.9729,144.509°
35°06′23″N,35.10627232,118°03′20″W,-118.05556446,98.8608,353.036°
32°46′28″N,32.7745796,117°33′38″W,-117.56062581,65.1265,165.374°
34°22′03″N,34.36738749,117°21′57″W,-117.36582901,54.4305,30.052°
33°27′32″N,33.45899663,118°17′24″W,-118.28995877,30.1374,238.652°
33°40′26″N,33.67380766,118°26′28″W,-118.4410114,34.3712,268.686°
33°19′35″N,33.32637269,116°46′26″W,-116.77381513,66.4905,111.697°
32°27′00″N,32.45009822,118°16′12″W,-118.26987219,88.9597,196.23°
33°26′45″N,33.4459106,119°09′08″W,-119.15227041,77.1814,257.913°
34°32′37″N,34.54369199,116°42′53″W,-116.7147411,87.6426,47.163°
33°02′39″N,33.04403795,117°23′18″W,-117.3882416,51.6095,149.257°
32°49′39″N,32.82740749,118°33′59″W,-118.56640318,72.6079,215.323°
33°47′30″N,33.79168747,117°20′57″W,-117.34912114,29.3329,75.533°
33°25′52″N,33.43112014,119°32′09″W,-119.53577843,99.048,260.198°
33°11′59″N,33.19982551,118°44′42″W,-118.74499257,61.9239,237.337°
34°13′22″N,34.22278574,116°47′43″W,-116.79535893,70.6016,58.05°
34°50′48″N,34.84673084,118°33′01″W,-118.55029702,89.7674,333.476°
34°16′35″N,34.2763395,117°23′40″W,-117.39433935,48.2091,32.157°
33°21′13″N,33.35352055,117°18′41″W,-117.31151632,38.342,126.758°
33°01′11″N,33.01965092,118°38′09″W,-118.6358392,64.9392,224.993°
32°27′13″N,32.45368008,117°48′35″W,-117.80973491,85.2402,178.672°
34°22′12″N,34.36988894,119°07′43″W,-119.12874704,87.4576,303.038°
33°10′42″N,33.178208,117°56′19″W,-117.93860833,35.5658,188.89°
32°53′38″N,32.89402681,117°01′52″W,-117.03109662,72.1426,139.184°
33°46′16″N,33.77114659,117°27′05″W,-117.45133069,23.2926,75.37°
34°23′59″N,34.40000179,119°08′17″W,-119.13795497,89.0264,303.99°
32°42′02″N,32.70041942,117°54′59″W,-117.91641609,68.2939,183.556°
34°23′06″N,34.38505754,117°20′08″W,-117.33541971,56.3675,30.947°
34°05′57″N,34.09913717,117°38′06″W,-117.63509718,30.9177,22.704°
32°34′24″N,32.57320241,116°50′18″W,-116.8383275,96.4759,142.632°
34°16′26″N,34.27379623,116°55′57″W,-116.93262797,66.1267,51.889°
34°24′44″N,34.41224334,119°08′56″W,-119.14896103,90.016,304.221°
34°42′50″N,34.71381855,119°01′36″W,-119.02666914,98.0487,316.722°
33°03′15″N,33.05429322,117°36′03″W,-117.60080271,45.8975,162.154°
34°45′30″N,34.7584385,117°45′27″W,-117.75746395,74.2415,3.778°
34°14′24″N,34.24010548,117°04′07″W,-117.06874037,58.6195,49.049°
33°59′41″N,33.99469431,119°21′32″W,-119.35875774,89.5476,284.176°
33°58′25″N,33.97357681,118°45′30″W,-118.75829051,56.1356,290.942°
33°37′14″N,33.62059826,118°00′55″W,-118.01537649,10.886,245.255°
34°52′46″N,34.8794304,117°51′50″W,-117.86396907,82.4488,359.197°
32°50′02″N,32.83383675,118°33′43″W,-118.56194165,72.0952,215.356°
33°17′35″N,33.29305974,118°24′28″W,-118.4077274,42.3953,230.241°
33°05′37″N,33.09359449,118°53′22″W,-118.88937605,72.9526,236.104°
32°57′12″N,32.95321232,117°30′21″W,-117.50574183,54.3177,158.854°
33°38′49″N,33.64694599,118°19′15″W,-118.32076267,27.5848,264.424°
32°37′19″N,32.62199538,118°48′53″W,-118.81468466,92.5842,217.633°
34°30′41″N,34.51147364,118°25′40″W,-118.42789183,66.0927,329.768°
32°29′37″N,32.49372777,117°22′17″W,-117.37129634,86.867,161.519°
32°57′52″N,32.96434225,116°45′10″W,-116.7528849,80.373,128.098°
32°42′01″N,32.70029895,117°50′59″W,-117.85005111,68.1733,180.315°
34°03′21″N,34.05580479,118°26′31″W,-118.44207292,42.7846,306.776°
34°22′05″N,34.36797545,119°11′02″W,-119.18400671,90.0695,301.895°
34°06′28″N,34.10790181,116°33′29″W,-116.55809796,79.2865,68.098°
34°20′42″N,34.34486746,118°39′09″W,-118.65253017,64.9406,314.696°
32°59′05″N,32.98477313,119°11′02″W,-119.18400292,91.3445,238.292°
34°20′49″N,34.34681704,118°27′57″W,-118.46584376,57.9021,322.175°
34°09′37″N,34.16016662,117°42′53″W,-117.71463007,33.5534,12.699°
33°02′25″N,33.04026661,118°40′20″W,-118.67230575,65.454,227.186°
33°24′45″N,33.41247811,118°02′39″W,-118.04403296,22.1894,211.408°
33°38′46″N,33.64605419,116°46′42″W,-116.77819597,61.3501,92.326°
32°50′14″N,32.83715919,117°15′17″W,-117.25465699,67.8651,149.737°
34°49′32″N,34.825459,117°40′47″W,-117.67972099,79.2651,6.737°
34°31′16″N,34.52108071,119°09′37″W,-119.16037508,94.8934,307.795°
33°06′25″N,33.10699543,118°29′07″W,-118.48540321,54.5578,222.927°
34°42′04″N,34.70123707,117°09′19″W,-117.15540085,80.4068,29.102°
33°22′31″N,33.37536777,116°44′23″W,-116.73967335,67.1417,108.383°
34°10′37″N,34.17688069,117°35′04″W,-117.58455281,36.9966,23.602°
33°55′02″N,33.91726145,118°51′56″W,-118.86548347,60.8154,285.478°
33°04′59″N,33.08316617,118°51′36″W,-118.86004182,71.9767,234.866°
33°05′37″N,33.09368239,118°35′55″W,-118.59856485,59.8138,226.959°
34°04′58″N,34.08276841,116°47′41″W,-116.79482891,66.1109,65.244°
34°27′37″N,34.46027731,117°11′58″W,-117.19935529,64.9569,34.417°
33°15′44″N,33.26216757,118°20′20″W,-118.33882682,40.9373,224.358°
32°59′28″N,32.99098025,118°41′57″W,-118.69919515,68.9382,226.013°
34°13′37″N,34.22687594,118°28′24″W,-118.47324088,51.9337,316.144°
32°56′33″N,32.94255736,118°17′04″W,-118.28431416,57.3829,206.455°
33°52′13″N,33.87025412,116°20′33″W,-116.34241094,87.1694,81.212°
33°52′29″N,33.87465216,118°00′12″W,-118.00332408,15.9074,324.817°
32°57′31″N,32.95858264,116°29′34″W,-116.49279338,92.8326,122.451°
33°32′35″N,33.54311488,118°28′22″W,-118.47264379,37.541,254.852°
34°39′03″N,34.65091803,118°36′44″W,-118.61232841,79.8384,326.806°
32°50′32″N,32.84229153,117°21′47″W,-117.36293967,64.6319,154.414°
32°50′23″N,32.83977333,117°23′40″W,-117.39441293,64.0305,155.959°
34°26′01″N,34.4335791,117°21′45″W,-117.36249342,58.515,27.951°
33°31′38″N,33.52712219,119°12′32″W,-119.2089067,79.3609,262.392°
32°51′14″N,32.85377068,117°02′03″W,-117.0340333,74.1772,140.677°
33°23′17″N,33.38803784,119°13′33″W,-119.22590192,82.2645,255.853°
34°01′20″N,34.02209635,116°27′23″W,-116.45625419,82.9364,73.381°
32°24′59″N,32.41639233,118°32′58″W,-118.54937121,96.8477,205.165°
34°01′41″N,34.02794151,118°46′30″W,-118.77504398,58.4336,294.068°
35°02′09″N,35.03573579,117°38′35″W,-117.6429437,93.9439,6.943°
33°21′11″N,33.35297036,118°39′24″W,-118.65657745,52.214,244.013°
33°58′54″N,33.98156499,117°42′00″W,-117.70005145,21.9867,21.974°
33°14′47″N,33.24639281,117°40′06″W,-117.66836461,32.062,161.583°
33°53′14″N,33.88720387,118°55′28″W,-118.92433982,63.6094,282.887°
33°37′05″N,33.61808129,118°31′33″W,-118.52583454,39.5361,263.305°
34°48′06″N,34.8015748,118°40′38″W,-118.67733369,90.5929,328.511°
32°53′44″N,32.89558512,117°58′32″W,-117.97567875,55.2048,187.981°
33°03′22″N,33.05618578,119°12′35″W,-119.20967791,90.0884,241.451°
33°52′17″N,33.87132471,116°56′15″W,-116.93752045,53.5949,75.97°
33°09′12″N,33.15330334,118°33′22″W,-118.55617741,55.2142,228.313°
32°56′51″N,32.94754466,116°28′42″W,-116.47843841,93.9472,122.562°
33°52′06″N,33.86838368,117°48′14″W,-117.80381864,12.7673,10.301°
33°00′56″N,33.01557786,116°30′16″W,-116.50434664,90.1633,120.588°
34°29′20″N,34.48881901,116°23′42″W,-116.3950212,99.744,55.827°
33°56′56″N,33.94881933,117°53′25″W,-117.89029679,18.3178,351.596°
32°21′12″N,32.35329097,117°11′14″W,-117.18734966,99.6944,157.395°
35°00′45″N,35.01259595,117°40′01″W,-117.66686883,92.1976,6.23°
32°32′45″N,32.54575665,117°20′46″W,-117.34609434,83.9481,159.8°
34°00′09″N,34.00256575,119°31′15″W,-119.52089681,98.7277,283.244°
33°01′28″N,33.02441317,118°25′08″W,-118.41894251,56.5524,216.126°
33°26′07″N,33.43541046,117°28′38″W,-117.47709818,27.3328,129.34°
34°34′55″N,34.58181001,116°41′47″W,-116.6963123,90.1979,46.371°
33°56′30″N,33.94175732,118°30′02″W,-118.5004375,41.6364,295.237°
32°52′32″N,32.87552909,117°01′38″W,-117.02709063,73.2702,139.693°
33°05′56″N,33.09892459,117°05′23″W,-117.08985089,59.514,132.834°
33°53′56″N,33.89893134,119°33′51″W,-119.56408622,99.9053,278.923°
34°07′47″N,34.12963515,117°40′40″W,-117.6778904,32.0593,17.201°
34°31′43″N,34.5285256,118°45′06″W,-118.75166841,78.0136,318.486°
33°59′54″N,33.99830754,118°20′14″W,-118.3372922,35.5978,307.375°
32°42′26″N,32.70724031,118°25′43″W,-118.42871306,75.6795,206.722°
34°07′52″N,34.13114334,119°05′59″W,-119.09992108,78.3386,293.439°
32°33′32″N,32.55885899,117°23′01″W,-117.38366153,82.369,161.016°
34°27′10″N,34.45268606,119°00′38″W,-119.01061428,85.2482,308.72°
33°35′56″N,33.59878038,117°42′58″W,-117.71616818,9.5207,129.597°
33°42′09″N,33.70254812,117°16′04″W,-117.2679029,33.1237,87.939°
32°18′07″N,32.30207935,118°07′44″W,-118.12899402,97.115,189.886°
33°28′56″N,33.48224753,116°09′38″W,-116.16050735,97.9332,97.828°
32°59′45″N,32.99571195,118°59′44″W,-118.99552729,81.8796,234.64°
33°58′03″N,33.96736671,117°09′14″W,-117.15392158,44.0965,63.705°
33°42′39″N,33.71076443,118°27′41″W,-118.46130917,35.5587,272.858°
34°01′48″N,34.03007333,119°14′43″W,-119.24523105,83.8746,286.829°
34°33′44″N,34.56219062,117°25′32″W,-117.42542053,65.0724,21.456°
33°02′14″N,33.03709409,117°44′29″W,-117.74132406,45.2809,172.48°
34°29′11″N,34.48652114,118°43′02″W,-118.71720596,74.5444,318.114°
34°50′09″N,34.83582322,118°27′57″W,-118.46583501,87.0164,336.066°
34°35′05″N,34.58465012,117°52′28″W,-117.87444544,62.0916,358.38°
32°35′09″N,32.58587829,116°50′45″W,-116.84582402,95.513,142.527°
33°38′22″N,33.63946475,119°07′01″W,-119.11707828,73.3302,267.804°
35°04′08″N,35.06892047,117°44′21″W,-117.73913402,95.723,3.54°
34°12′01″N,34.20032269,117°44′25″W,-117.74031346,35.9939,9.441°
33°57′01″N,33.9502048,116°13′44″W,-116.22880633,94.4959,78.437°
34°11′35″N,34.1929543,117°09′12″W,-117.15338031,52.8293,48.325°
32°32′03″N,32.53424851,117°51′44″W,-117.86224034,79.6563,180.781°
34°12′40″N,34.2109809,117°04′27″W,-117.07404477,57.0968,50.387°
34°08′45″N,34.1458026,118°37′05″W,-118.61802533,54.5899,305.76°
33°15′01″N,33.250349,119°16′34″W,-119.27600205,87.9184,250.337°
33°17′18″N,33.28827571,117°39′07″W,-117.65204143,29.6653,158.094°
33°19′13″N,33.32022584,116°59′24″W,-116.98995309,55.3333,117.002°
33°24′18″N,33.40500988,119°15′21″W,-119.25596664,83.6538,256.936°
32°30′00″N,32.49992711,117°01′44″W,-117.02889142,94.6191,149.871°
32°28′53″N,32.48151771,117°54′31″W,-117.90847957,83.3783,182.6°
34°44′05″N,34.73458751,118°18′58″W,-118.31623038,77.3031,339.678°
34°57′23″N,34.95650309,118°26′06″W,-118.43496544,94.0346,339.129°
33°04′01″N,33.06708136,118°34′05″W,-118.56815566,59.8538,224.521°
34°12′52″N,34.21447426,119°27′55″W,-119.46539423,99.8815,291.874°
33°19′38″N,33.3271382,117°40′04″W,-117.66767189,26.8366,157.754°
33°46′55″N,33.78190947,116°14′55″W,-116.24866439,91.9096,85.449°
33°27′37″N,33.46035299,119°17′04″W,-119.28453383,84.4378,259.725°
32°29′05″N,32.48478523,118°45′10″W,-118.75275057,98.3454,212.616°
33°44′12″N,33.73671935,117°05′34″W,-117.09268328,43.3113,85.208°
33°13′54″N,33.23173512,117°47′19″W,-117.78868181,31.6006,174.234°
34°39′21″N,34.65578115,117°44′27″W,-117.74087495,67.2399,4.983°
32°54′51″N,32.91416977,118°25′38″W,-118.42731599,63.1467,212.436°
32°39′58″N,32.66604382,117°24′53″W,-117.414858,74.773,160.51°
34°12′59″N,34.21642647,118°41′34″W,-118.6928019,60.9189,307.183°
34°45′26″N,34.75714991,116°50′42″W,-116.84503173,93.4391,37.363°
34°00′20″N,34.00561094,116°49′35″W,-116.82648686,62.4088,69.031°
33°18′25″N,33.30707096,119°11′04″W,-119.18441219,81.6111,251.62°
32°33′47″N,32.5631433,117°04′34″W,-117.07621935,89.4577,150.019°
33°13′26″N,33.22387091,119°27′24″W,-119.45665319,98.3603,251.47°
32°29′18″N,32.48833581,118°08′25″W,-118.14018765,84.5842,191.797°
33°37′20″N,33.622345,119°16′03″W,-119.26745776,82.0369,267.289°
34°46′59″N,34.78302911,118°20′16″W,-118.33769496,80.866,339.704°
33°42′31″N,33.7086105,116°18′49″W,-116.31357456,87.9933,88.587°
34°02′40″N,34.04439481,119°24′33″W,-119.40910784,93.1842,285.823°
33°06′15″N,33.10412301,117°11′36″W,-117.19328672,55.0378,136.835°
33°05′38″N,33.09383833,116°36′42″W,-116.61161342,82.0556,119.615°
33°45′27″N,33.75763198,118°18′08″W,-118.30214902,26.813,280.671°
34°04′02″N,34.06712384,116°36′58″W,-116.61610628,75.1851,69.186°
32°34′22″N,32.57290957,118°06′43″W,-118.11192732,78.5279,191.48°
32°32′34″N,32.54284538,117°21′37″W,-117.36025276,83.8603,160.376°
33°52′12″N,33.86987948,119°21′07″W,-119.35186339,87.5678,278.734°
34°39′39″N,34.66082407,118°02′35″W,-118.04310069,68.2909,350.44°
33°46′31″N,33.77537013,116°19′08″W,-116.31882138,87.8587,85.575°
34°51′58″N,34.86612248,118°05′59″W,-118.10009461,82.8264,349.885°
34°01′37″N,34.02680621,117°29′05″W,-117.48474167,31.2568,41.121°
33°43′56″N,33.7322066,119°26′41″W,-119.44463298,92.1044,272.403°
32°54′14″N,32.90400185,119°00′21″W,-119.0057194,86.2158,231.461°
34°10′51″N,34.18074333,117°24′49″W,-117.41371228,42.118,35.704°
33°58′30″N,33.97512193,116°34′35″W,-116.57641954,75.4355,74.322°
33°04′29″N,33.07467251,116°48′47″W,-116.81308338,72.9813,125.135°
33°14′46″N,33.24623738,117°04′49″W,-117.08037472,53.507,124.461°
34°10′13″N,34.1703945,116°52′19″W,-116.87206612,64.9772,58.762°
34°37′40″N,34.62789261,117°06′58″W,-117.11603925,77.2246,32.401°
32°35′07″N,32.58538497,117°18′42″W,-117.31172498,82.1034,157.834°
33°03′04″N,33.05109783,117°25′32″W,-117.42542072,50.1216,151.095°
32°18′50″N,32.31379943,118°06′44″W,-118.11222185,96.1546,189.393°
33°38′59″N,33.64994989,117°02′15″W,-117.03741216,46.4432,92.907°
34°51′08″N,34.85213384,117°51′38″W,-117.86053336,80.5598,359.317°
34°10′57″N,34.18240816,117°45′59″W,-117.76672704,34.5476,7.309°
34°10′58″N,34.18289317,117°07′24″W,-117.12342028,53.6832,50.089°
35°04′44″N,35.07894303,118°03′52″W,-118.06453395,97.0517,352.601°
33°28′42″N,33.47846702,117°32′15″W,-117.53761348,22.7474,129.152°
34°00′36″N,34.0100194,119°23′00″W,-119.38330041,91.1628,284.62°
33°46′14″N,33.77065135,116°43′24″W,-116.72324598,64.6613,84.537°
34°33′43″N,34.56203562,116°34′09″W,-116.56915078,94.7496,49.96°
33°15′31″N,33.25847518,118°48′58″W,-118.81623263,63.4046,242.446°
34°36′01″N,34.60017498,118°36′02″W,-118.60049361,76.5577,325.772°
34°35′08″N,34.58553761,117°47′42″W,-117.79488125,62.1904,2.555°
34°05′50″N,34.09726876,119°26′54″W,-119.4482131,96.3347,287.58°
32°23′55″N,32.39858206,118°19′35″W,-118.32638717,93.3162,197.575°
35°06′41″N,35.11135416,118°08′41″W,-118.14480635,99.9571,350.189°
34°06′14″N,34.10391623,117°07′26″W,-117.12401826,50.3586,54.862°
32°37′34″N,32.62604364,117°39′57″W,-117.66573105,74.0234,171.959°
34°33′25″N,34.55696903,117°50′56″W,-117.84887303,60.1541,359.714°
34°22′00″N,34.36669008,119°13′12″W,-119.22003883,91.7901,301.184°
34°09′41″N,34.16125723,118°40′25″W,-118.67369426,57.8136,304.8°
34°04′46″N,34.07935222,117°03′06″W,-117.05163019,52.9308,58.93°
32°51′59″N,32.86637946,118°08′24″W,-118.13990652,59.2223,196.886°
34°22′41″N,34.37802956,117°00′59″W,-117.01653158,67.2873,44.521°
33°46′01″N,33.76698052,116°35′20″W,-116.5889047,72.3371,85.25°
34°05′04″N,34.0843944,119°23′52″W,-119.39788034,93.3196,287.565°
33°36′04″N,33.60123953,119°16′10″W,-119.26943098,82.2521,266.28°
34°24′03″N,34.40095018,116°53′42″W,-116.89499078,73.4079,47.472°
33°58′08″N,33.96893079,117°19′17″W,-117.32148742,35.7673,56.797°
32°53′58″N,32.89947938,118°24′01″W,-118.40041557,63.2041,210.748°
34°27′55″N,34.46538652,118°48′20″W,-118.80543518,76.9989,314.616°
33°31′07″N,33.51852422,116°29′23″W,-116.48975921,78.7967,98.105°
33°58′08″N,33.96882683,118°44′18″W,-118.73836978,54.9511,291.037°
33°07′00″N,33.11670892,117°39′56″W,-117.66550426,40.71,165.33°
33°09′33″N,33.1591188,118°00′56″W,-118.01560616,37.7865,195.271°
32°35′34″N,32.59277086,118°27′57″W,-118.46586065,83.7424,205.64°
33°04′46″N,33.07948893,117°39′05″W,-117.6514255,43.4051,165.143°
33°23′42″N,33.39510074,117°12′23″W,-117.20640136,41.8745,118.588°
33°46′53″N,33.78140237,118°30′07″W,-118.50196601,38.4044,280.002°
32°31′08″N,32.51876625,117°45′30″W,-117.75823227,80.8703,176.473°
32°19′14″N,32.32048642,117°38′31″W,-117.64184283,95.1448,172.885°
34°16′43″N,34.27848365,117°31′16″W,-117.52111252,44.8871,24.225°
33°15′04″N,33.25113578,117°54′45″W,-117.91248165,30.3615,187.535°
34°22′01″N,34.36687633,117°27′54″W,-117.46498462,51.7759,24.658°
32°25′02″N,32.41726879,117°42′54″W,-117.71486268,88.0506,175.106°
34°55′59″N,34.93314117,117°04′17″W,-117.07144678,96.7748,26.881°
32°46′45″N,32.77921272,118°09′51″W,-118.16418975,65.3991,196.551°
34°51′02″N,34.85054309,117°48′23″W,-117.80636786,80.4721,1.504°
34°03′49″N,34.06369073,119°00′07″W,-119.00184661,71.3903,291.732°
33°36′12″N,33.60324753,118°58′41″W,-118.97813267,65.5326,265.268°
33°22′10″N,33.36950752,117°15′47″W,-117.26313097,39.9872,123.08°
32°20′24″N,32.33987902,117°38′07″W,-117.63521975,93.8632,172.55°
33°56′48″N,33.9467016,117°52′28″W,-117.87437885,18.0608,354.393°
33°30′32″N,33.50888632,117°27′15″W,-117.45409552,25.5688,118.61°
33°53′12″N,33.88668271,116°14′25″W,-116.24034826,93.1271,81.017°
33°43′07″N,33.71868725,119°31′23″W,-119.52311955,96.5959,271.78°
35°04′54″N,35.08169311,117°55′47″W,-117.92963284,96.545,357.111°
33°13′20″N,33.22220298,116°42′04″W,-116.70106705,73.2877,115.661°
34°44′18″N,34.7382636,118°56′48″W,-118.94661275,96.214,319.371°
33°54′30″N,33.90823702,117°02′41″W,-117.04478885,48.3692,71.318°
32°47′09″N,32.78593335,117°19′15″W,-117.32071346,69.204,153.957°
33°17′25″N,33.29017198,116°17′17″W,-116.28802247,93.76,106.563°
33°36′17″N,33.60485805,116°46′11″W,-116.76967751,62.0487,94.929°
33°29′42″N,33.4949559,117°52′22″W,-117.87286431,13.3555,187.255°
32°51′09″N,32.85239694,116°48′50″W,-116.81377624,82.8619,133.811°
32°41′33″N,32.69257498,117°45′37″W,-117.76017172,68.8754,175.96°
33°30′16″N,33.50454242,117°25′51″W,-117.4307807,26.8934,117.79°
33°43′04″N,33.71778419,117°23′03″W,-117.38415942,26.5053,85.215°
33°14′09″N,33.23592246,116°53′43″W,-116.89520923,62.9351,119.407°
33°12′12″N,33.20323913,118°50′53″W,-118.84813331,66.8764,240.305°
34°53′21″N,34.88919309,118°11′54″W,-118.19838717,85.5488,346.401°
32°36′00″N,32.60009077,118°19′32″W,-118.32545535,80.108,200.503°
33°23′39″N,33.39422012,116°39′37″W,-116.66033069,71.0984,106.188°
32°44′12″N,32.7367306,117°58′54″W,-117.98179608,66.1388,186.978°
34°20′58″N,34.349399,118°37′56″W,-118.63234741,64.3423,315.611°
33°22′26″N,33.37376511,118°47′34″W,-118.79273996,58.8047,248.686°
33°08′40″N,33.14441428,118°49′28″W,-118.82441013,67.8688,236.753°
32°36′40″N,32.61109395,118°03′28″W,-118.05791424,75.3651,189.53°
34°23′18″N,34.3883272,119°02′27″W,-119.04092615,83.9911,305.602°
34°12′57″N,34.21574345,118°46′25″W,-118.7736725,64.6578,304.701°
34°47′19″N,34.78850879,117°56′49″W,-117.94687944,76.3847,355.598°
32°26′43″N,32.44526377,118°16′51″W,-118.28077249,89.4576,196.563°
33°28′40″N,33.47783198,119°27′53″W,-119.46461367,94.4462,261.659°
32°44′23″N,32.73976944,117°06′08″W,-117.10227336,78.2333,146.571°
33°14′37″N,33.24371513,118°59′35″W,-118.99295822,72.9984,245.523°
32°34′49″N,32.580281,117°10′31″W,-117.17526987,85.6937,152.984°
33°44′26″N,33.74043071,119°23′43″W,-119.39526305,89.2852,272.817°
34°15′55″N,34.26533992,119°00′09″W,-119.00238588,77.5296,301.38°
33°37′24″N,33.62340258,116°42′46″W,-116.71278414,65.2038,93.53°
33°11′56″N,33.19880185,118°52′59″W,-118.88312052,68.7828,240.933°
33°02′13″N,33.03695032,118°43′22″W,-118.72282879,67.7671,228.742°
33°04′33″N,33.07593138,118°10′45″W,-118.17923438,46.4425,204.743°
34°30′11″N,34.5029706,116°28′19″W,-116.47189896,96.6793,53.914°
32°30′50″N,32.51388838,118°41′59″W,-118.69961374,95.0073,211.679°
33°16′41″N,33.27819319,118°10′47″W,-118.17967631,34.2388,214.553°
32°59′53″N,32.99807653,116°47′33″W,-116.79244962,77.126,127.811°
32°50′23″N,32.8397415,116°36′17″W,-116.60478824,92.4751,128.928°
32°37′35″N,32.62650143,116°41′03″W,-116.68410527,99.3469,137.203°
34°06′12″N,34.10340308,116°49′40″W,-116.82776723,65.0082,63.416°
33°50′53″N,33.84794922,117°54′02″W,-117.900634,11.6203,343.636°
33°40′17″N,33.67136615,116°46′47″W,-116.77971956,61.1984,90.694°
32°51′50″N,32.86402142,117°20′29″W,-117.34148508,63.8314,152.826°
32°33′51″N,32.56418575,118°05′48″W,-118.09671686,78.9511,190.764°
34°31′43″N,34.52862103,117°19′27″W,-117.32409,65.3482,26.916°
33°54′59″N,33.91634961,117°50′58″W,-117.84943445,15.8798,358.793°
34°06′00″N,34.09986497,117°26′12″W,-117.43664825,36.8888,39.152°
34°39′41″N,34.66133815,117°51′35″W,-117.8596016,67.3731,359.226°
33°39′10″N,33.65289751,117°17′43″W,-117.29513919,31.6344,94.076°
33°27′03″N,33.45092764,118°20′18″W,-118.33832704,32.8199,240.375°
32°53′31″N,32.89207716,118°40′12″W,-118.67001206,72.77,221.232°
33°54′50″N,33.91386138,118°07′44″W,-118.12888583,22.6957,313.864°
33°10′59″N,33.18346809,117°43′00″W,-117.71668387,35.5396,168.078°
34°17′48″N,34.29675133,118°57′54″W,-118.96512779,76.8674,303.582°
33°55′14″N,33.92041881,116°54′45″W,-116.91255878,55.8592,72.928°
33°19′17″N,33.32138059,116°35′24″W,-116.58991111,76.5357,108.913°
34°22′48″N,34.37986261,116°33′57″W,-116.56579431,87.476,56.433°
34°10′09″N,34.1691978,117°14′09″W,-117.23593717,48.2365,46.088°
32°41′58″N,32.69938285,118°33′08″W,-118.55228988,79.5998,211.188°
33°37′15″N,33.62077726,116°36′49″W,-116.61374042,70.9026,93.34°
32°53′50″N,32.89729779,118°08′56″W,-118.14889527,57.3367,198°
33°23′04″N,33.38455338,117°49′43″W,-117.8285679,20.8973,177.621°
34°28′47″N,34.47974696,117°46′44″W,-117.77875781,54.9416,3.856°
32°47′05″N,32.78482158,117°02′51″W,-117.04751137,77.479,143.341°
33°08′36″N,33.1432135,119°11′30″W,-119.19174772,86.3698,244.596°
34°52′04″N,34.86774334,118°07′23″W,-118.12308885,83.1787,349.015°
33°00′14″N,33.00401501,118°42′19″W,-118.70515447,68.5595,226.752°
33°06′49″N,33.11348691,118°51′15″W,-118.8542741,70.499,236.091°
32°49′34″N,32.82615274,118°43′32″W,-118.72567467,78.3329,220.846°
34°21′45″N,34.36238317,117°09′40″W,-117.16111085,60.9072,39.742°
34°27′59″N,34.46632132,116°51′32″W,-116.85895895,77.9823,46.014°
33°24′41″N,33.41127165,117°05′59″W,-117.09982951,46.8801,113.747°
32°16′24″N,32.27320671,118°10′24″W,-118.17320561,99.5426,191.158°
34°04′59″N,34.08293921,119°22′43″W,-119.37860099,92.2339,287.702°
34°17′22″N,34.28934868,116°48′28″W,-116.8077931,72.5173,54.652°
34°08′12″N,34.13660391,117°47′05″W,-117.78462656,31.2828,6.191°
34°53′38″N,34.89386938,117°09′35″W,-117.1597119,92.1245,24.889°
34°07′00″N,34.11666098,117°45′24″W,-117.75671223,30.1361,9.496°
34°01′36″N,34.02663187,116°26′07″W,-116.43524778,84.1796,73.399°
34°01′14″N,34.02052978,118°28′24″W,-118.47340797,42.8875,302.728°
34°53′33″N,34.89239326,118°33′44″W,-118.56233067,92.8939,333.982°
34°58′41″N,34.9781707,118°36′32″W,-118.60876677,99.3744,334.146°
33°05′50″N,33.09723867,119°20′15″W,-119.33741564,95.3428,245.118°
33°42′46″N,33.71278327,118°06′09″W,-118.10245137,14.9936,276.992°
33°24′44″N,33.4121319,119°11′01″W,-119.18348608,79.4772,256.56°
32°39′53″N,32.6645916,116°45′29″W,-116.75802572,94.518,138.064°
33°10′37″N,33.17695358,118°03′07″W,-118.05181262,37.2187,198.882°
33°55′11″N,33.9196282,118°04′29″W,-118.07462109,20.8649,320.577°
32°30′40″N,32.51124685,118°34′27″W,-118.57407152,91.5884,207.703°
34°23′51″N,34.39747103,117°45′15″W,-117.75421158,49.3955,5.924°
34°13′32″N,34.22562603,116°16′06″W,-116.26837624,97.6868,67.145°
33°02′26″N,33.04057657,117°54′51″W,-117.91403661,44.8384,185.222°
33°37′42″N,33.62835517,119°28′56″W,-119.48209401,94.3472,268.007°
34°19′09″N,34.31926206,116°21′23″W,-116.35647926,95.7707,62.421°
34°15′13″N,34.25360092,117°31′56″W,-117.53221115,43.0592,24.402°
33°23′20″N,33.38902157,118°14′06″W,-118.23488407,30.5167,227.726°
33°33′59″N,33.56636675,116°53′03″W,-116.88416357,55.8382,98.296°
32°40′37″N,32.67690666,117°03′15″W,-117.05415813,83.4012,146.585°
33°19′31″N,33.32530034,118°29′27″W,-118.49079817,44.8877,236.373°
32°44′29″N,32.74127347,118°44′57″W,-118.74921588,83.7346,218.959°
33°29′07″N,33.48536938,116°10′04″W,-116.1677685,97.4868,97.74°
33°39′11″N,33.65307195,116°24′17″W,-116.40477787,82.7951,91.207°
32°32′39″N,32.54414671,116°54′48″W,-116.91338528,95.5773,145.453°
32°38′48″N,32.64671759,117°21′02″W,-117.35060445,77.3278,158.22°
34°54′52″N,34.91455736,117°32′07″W,-117.53541067,86.6733,11.627°
35°00′30″N,35.00836913,118°00′41″W,-118.01131302,91.8522,354.066°
33°24′54″N,33.41499824,118°16′40″W,-118.27784058,31.2751,233.227°
32°49′17″N,32.82140048,117°21′56″W,-117.36552296,65.8772,155.069°
33°02′03″N,33.03421159,117°28′01″W,-117.46693242,50.0622,154.153°
34°01′40″N,34.02788821,117°57′26″W,-117.95716938,24.4696,344.582°
32°51′09″N,32.85246856,118°33′54″W,-118.56511119,71.1509,216.072°
34°22′53″N,34.38134463,117°07′45″W,-117.12928882,63.0816,40.235°
34°33′11″N,34.55318481,117°27′06″W,-117.45160699,63.9537,20.421°
33°57′09″N,33.95254061,119°10′01″W,-119.16699294,78.1808,283.963°
33°23′48″N,33.39667196,118°32′27″W,-118.54082024,44.8873,243.674°
32°51′49″N,32.86367007,118°37′54″W,-118.63160098,72.8606,218.895°
33°16′59″N,33.28325797,116°29′57″W,-116.49914547,82.3625,109.414°
34°57′00″N,34.95008386,118°39′55″W,-118.66515199,99.1192,331.993°
32°45′59″N,32.76651718,118°52′07″W,-118.868475,86.9211,223.258°
33°40′15″N,33.67087377,119°22′23″W,-119.37302767,87.9718,269.714°
33°56′01″N,33.93369812,116°13′05″W,-116.21803725,94.8997,79.183°
32°37′47″N,32.62970115,118°03′14″W,-118.05402,74.0593,189.52°
33°03′24″N,33.05680501,116°17′11″W,-116.28647165,99.8634,115.413°
34°12′42″N,34.21174694,116°25′27″W,-116.42417644,89.106,65.57°
34°47′42″N,34.79503065,118°00′23″W,-118.0062783,77.169,353.128°
33°01′43″N,33.02858428,119°03′47″W,-119.06310243,83.8141,237.472°
33°13′58″N,33.23287181,118°06′42″W,-118.11170936,34.9662,206.314°
32°44′33″N,32.74257442,116°42′14″W,-116.70388195,92.7393,134.401°
33°19′59″N,33.3330568,116°37′32″W,-116.62547429,74.3303,108.858°
33°46′36″N,33.77658112,117°29′10″W,-117.48611297,21.4681,73.07°
33°48′46″N,33.81276418,119°09′43″W,-119.16183126,76.2555,276.93°
34°10′32″N,34.17546989,116°55′23″W,-116.92308953,62.6735,57.123°
33°33′19″N,33.55534997,119°12′39″W,-119.21090659,79.215,263.801°
34°45′35″N,34.75978305,118°41′35″W,-118.69316848,88.6478,327.03°
32°38′59″N,32.64979904,117°16′45″W,-117.27906311,78.7542,155.343°
32°43′35″N,32.72626922,118°37′38″W,-118.62720747,80.37,214.537°
34°06′23″N,34.10647801,117°20′40″W,-117.34455754,40.7634,44.476°
34°45′57″N,34.76592559,118°39′35″W,-118.65974658,87.9752,328.214°
34°49′59″N,34.83312161,118°31′05″W,-118.51792498,88.1058,334.264°
34°26′33″N,34.44241057,119°07′31″W,-119.12521466,90.072,305.803°
33°10′03″N,33.16744245,117°24′12″W,-117.40346645,43.958,144.599°
34°24′52″N,34.4144655,118°52′27″W,-118.87419217,77.5463,310.73°
33°13′59″N,33.23318654,118°11′50″W,-118.19712083,37.3871,213.138°
32°20′32″N,32.34208499,117°53′11″W,-117.88637827,92.9637,181.54°
33°21′43″N,33.36194375,118°18′22″W,-118.30607197,34.8382,230.024°
32°33′33″N,32.55907707,118°06′18″W,-118.10502586,79.3885,191.06°
33°15′19″N,33.25534626,118°10′41″W,-118.17797085,35.4999,212.983°
34°37′39″N,34.62744373,117°51′17″W,-117.85474431,65.0274,359.442°
33°42′09″N,33.70252033,118°55′06″W,-118.91824852,61.8071,271.315°
34°28′17″N,34.47137261,118°58′58″W,-118.98288676,84.8241,310.065°
32°46′18″N,32.77164505,118°39′12″W,-118.65336392,78.6834,216.734°
34°36′15″N,34.60411997,118°29′55″W,-118.49850779,73.6506,329.61°
34°55′32″N,34.92555057,117°52′32″W,-117.87553703,85.6476,358.789°
34°10′27″N,34.17411921,118°53′16″W,-118.88789464,68.7133,299.653°
34°37′10″N,34.61948653,118°15′02″W,-118.25067766,68.5494,340.258°
34°00′49″N,34.0135988,118°28′52″W,-118.48099416,43.0028,301.879°
33°15′27″N,33.25750767,119°04′04″W,-119.06773096,76.5539,247.543°
34°08′45″N,34.14579851,117°19′25″W,-117.32362803,43.5493,43.077°
32°48′38″N,32.81043971,116°34′40″W,-116.5777271,94.9789,129.265°
33°40′01″N,33.66701656,117°36′03″W,-117.60088706,14.0259,95.483°
34°18′44″N,34.31220843,118°14′19″W,-118.23869615,48.8048,332.473°
34°39′12″N,34.65334676,118°28′06″W,-118.46837811,75.7667,332.04°
32°55′10″N,32.91939585,116°48′48″W,-116.81327268,79.7138,131.417°
35°03′48″N,35.06326247,118°04′14″W,-118.07053683,96.0229,352.316°
34°15′19″N,34.25540444,116°47′34″W,-116.79273533,71.9267,56.578°
34°43′51″N,34.73091933,117°20′22″W,-117.33944533,77.7158,21.623°
33°36′47″N,33.61296547,118°30′57″W,-118.51585462,39.0118,262.686°
34°26′44″N,34.4455307,118°42′18″W,-118.70494661,71.9941,317.005°
32°54′03″N,32.90083077,117°24′52″W,-117.41447689,59.7027,155.347°
33°07′17″N,33.12140584,118°28′11″W,-118.46975798,53.2116,222.935°
33°39′01″N,33.65029318,119°10′54″W,-119.18180132,77.017,268.502°
34°20′03″N,34.33406852,118°00′52″W,-118.01440259,45.8048,347.712°
34°02′20″N,34.03877266,116°10′23″W,-116.17296022,98.921,75.293°
34°33′05″N,34.55139659,118°28′10″W,-118.46948573,69.6759,329.245°
33°33′56″N,33.5656722,119°08′45″W,-119.14583572,75.409,263.995°
34°37′32″N,34.62550153,118°29′53″W,-118.49801834,74.9104,330.207°
33°59′00″N,33.98322859,116°52′27″W,-116.87425777,59.3057,69.51°
34°13′11″N,34.21979056,117°09′35″W,-117.15975665,53.8042,46.584°
34°29′39″N,34.49424873,118°29′28″W,-118.49109089,67.0014,326.598°
34°24′05″N,34.40150455,119°05′50″W,-119.0972074,87.1513,304.885°
33°43′57″N,33.73247369,117°56′08″W,-117.93550716,6.1608,300.965°
34°28′46″N,34.47941754,118°37′07″W,-118.61857302,70.4999,321.222°
32°53′24″N,32.88987677,117°07′30″W,-117.1249307,68.9681,142.786°
33°42′08″N,33.70215426,118°22′30″W,-118.37505393,30.58,272.156°
33°51′01″N,33.8502675,118°34′17″W,-118.57139546,43.3179,285.336°
34°05′11″N,34.08634646,117°05′13″W,-117.08681191,51.4646,57.324°
33°17′56″N,33.29885005,116°24′26″W,-116.40733206,87.0158,107.543°
32°29′40″N,32.49441781,117°58′02″W,-117.9672439,82.7124,185°
33°43′58″N,33.73284533,119°11′23″W,-119.18982455,77.4662,272.736°
33°50′09″N,33.83571312,117°05′05″W,-117.08475817,44.804,76.495°
34°27′26″N,34.45708539,117°21′21″W,-117.3559692,60.124,27.531°
33°28′59″N,33.48317907,119°21′55″W,-119.36519197,88.7312,261.302°
32°23′43″N,32.39529566,117°21′17″W,-117.35484414,93.6371,162.263°
34°19′41″N,34.32794343,116°57′51″W,-116.96406361,67.1118,48.421°
33°18′08″N,33.30219218,117°26′34″W,-117.44272305,35.2128,138.88°
34°19′11″N,34.31969168,116°39′43″W,-116.66193359,80.6128,56.799°
33°20′59″N,33.34973316,118°37′11″W,-118.61961429,50.4157,242.706°
33°41′53″N,33.6981723,118°03′30″W,-118.05827406,12.3708,273.752°
32°58′56″N,32.98234692,116°32′24″W,-116.53995502,89.645,122.529°
33°44′25″N,33.74015788,116°40′59″W,-116.68313085,66.8203,86.505°
33°18′41″N,33.31149497,119°15′53″W,-119.26473329,85.9128,252.827°
32°34′29″N,32.57482656,117°36′35″W,-117.60967206,78.0281,169.943°
34°38′22″N,34.63956431,117°46′03″W,-117.76741157,66.006,3.764°
34°25′59″N,34.43325736,117°35′54″W,-117.59839694,53.4788,15.152°
33°08′24″N,33.14010035,118°43′46″W,-118.72946733,63.5523,233.776°
33°24′33″N,33.4091208,119°05′07″W,-119.08522127,74.0479,255.331°
34°35′44″N,34.59564841,118°31′24″W,-118.52329777,73.8844,328.438°
34°53′09″N,34.88571864,117°12′13″W,-117.20354045,90.5769,23.62°
35°00′50″N,35.01391652,118°20′16″W,-118.33771067,95.9704,343.054°
34°08′49″N,34.14686137,116°18′38″W,-116.31067488,93.4979,69.684°
34°07′24″N,34.12326055,117°08′16″W,-117.13767717,50.5018,53.109°
32°27′59″N,32.46626267,117°51′25″W,-117.85688593,84.3515,180.526°
33°51′17″N,33.85464593,117°00′23″W,-117.00647847,49.4777,76.195°
34°28′15″N,34.47071536,117°59′06″W,-117.98509342,54.7938,351.539°
33°18′22″N,33.30616342,117°32′04″W,-117.53439386,31.7674,145.789°
32°25′59″N,32.43345403,117°19′34″W,-117.32619171,91.654,160.771°
33°34′45″N,33.57904471,116°31′38″W,-116.52712714,76.1217,95.242°
33°51′49″N,33.86370818,117°33′48″W,-117.56342788,20.2201,52.677°
32°31′04″N,32.51789042,117°45′26″W,-117.75714467,80.9346,176.43°
34°23′20″N,34.38882461,116°28′53″W,-116.48141314,91.88,57.736°
32°36′24″N,32.60671831,118°20′47″W,-118.34631167,80.1087,201.431°
35°04′06″N,35.06829572,117°38′36″W,-117.64344228,96.1743,6.762°
